user_id,username,signup_date,country
1,pedro06,2022-01-11,Serbia
2,carrieyoung,2024-08-16,Cape Verde
3,beth38,2020-11-18,Mauritius
4,uwilliams,2024-04-22,Taiwan
5,randy06,2025-02-26,Eritrea
6,karasmith,2022-01-31,Swaziland
7,courtney34,2024-06-22,Northern Mariana Islands
8,murrayjessica,2023-08-12,Cameroon
9,smithjoanna,2024-02-16,Philippines
10,freemansteven,2025-03-08,Macao
11,matthew89,2024-03-19,Guernsey
12,katie37,2022-05-07,Bahamas
13,jonathan86,2021-04-05,South Georgia and the South Sandwich Islands
14,cynthialong,2025-06-01,Barbados
15,maryhayes,2024-02-02,Grenada
16,kimberlyscott,2025-05-14,Guadeloupe
17,carolyn63,2024-02-06,Bhutan
18,vsanford,2024-07-24,Nepal
19,brandon58,2021-05-13,Russian Federation
20,michaelgay,2021-03-12,Morocco
21,richard49,2024-07-12,Panama
22,penny63,2024-07-27,Slovenia
23,davisscott,2024-06-30,Kuwait
24,allenjoseph,2023-04-21,Reunion
25,keith21,2022-02-23,Mali
26,annwells,2024-12-16,Australia
27,fmorgan,2023-12-01,Western Sahara
28,csilva,2023-12-03,Indonesia
29,jcameron,2021-05-30,Uruguay
30,mcollins,2023-12-15,Poland
31,matthew32,2025-06-27,Mongolia
32,clarkoscar,2022-07-02,Peru
33,jgomez,2025-03-15,Tonga
34,marissa72,2023-10-24,Tonga
35,nlawson,2021-12-13,Montserrat
36,douglasmarcus,2021-05-18,Korea
37,alexander42,2022-09-03,Iraq
38,lindablack,2021-12-01,Guinea-Bissau
39,zclarke,2025-06-04,Slovakia (Slovak Republic)
40,nathangonzales,2024-02-24,Venezuela
41,clarkedanielle,2025-03-15,Pakistan
42,wbuck,2023-06-16,Egypt
43,marialindsey,2022-04-04,Malawi
44,james02,2024-04-21,Qatar
45,jaime53,2021-09-05,Jordan
46,michelle57,2025-04-29,Antigua and Barbuda
47,powersdiana,2021-07-18,Tunisia
48,fordvictoria,2023-08-03,Vanuatu
49,lewismark,2021-04-10,Jordan
50,youngcory,2022-04-02,Wallis and Futuna
51,michael40,2023-07-13,Peru
52,amberwong,2024-05-28,United Kingdom
53,charlessmith,2021-05-27,Estonia
54,leedana,2021-09-24,Tajikistan
55,qstrong,2023-08-02,Mexico
56,oneillchristina,2025-08-11,Pitcairn Islands
57,deanna88,2023-10-18,Bosnia and Herzegovina
58,dianacrane,2021-05-26,Northern Mariana Islands
59,joseph01,2025-07-05,Bosnia and Herzegovina
60,xlowe,2024-03-19,Iraq
61,kevinoconnell,2023-04-03,Western Sahara
62,sarah26,2025-05-26,Eritrea
63,hahndarren,2020-12-21,Libyan Arab Jamahiriya
64,danielle13,2022-10-09,Micronesia
65,urhodes,2024-04-15,Lesotho
66,christianburton,2023-06-02,Jersey
67,iwest,2022-11-02,Estonia
68,villarrealthomas,2021-10-02,Palestinian Territory
69,jennifervelazquez,2021-12-05,Belize
70,ldeleon,2021-10-08,Myanmar
71,josegomez,2021-11-20,Denmark
72,kmclaughlin,2021-11-24,Niger
73,qpope,2022-05-30,Malaysia
74,yelliott,2023-07-01,Fiji
75,ian81,2024-01-23,Jersey
76,brandonmiller,2020-11-01,North Macedonia
77,hrobinson,2024-02-03,Maldives
78,kimberlyhenderson,2022-11-18,Philippines
79,wwyatt,2024-05-05,Luxembourg
80,shawn79,2021-05-10,Turkmenistan
81,ycrawford,2021-03-24,Suriname
82,dannybaker,2024-01-28,Vanuatu
83,vrussell,2021-12-18,Lithuania
84,mmiller,2022-04-23,Moldova
85,jasoncastillo,2020-11-14,Swaziland
86,debbieelliott,2021-05-14,Palestinian Territory
87,james27,2025-01-29,Denmark
88,mglenn,2022-08-06,Gambia
89,ccollins,2025-06-04,Palau
90,oknight,2025-06-13,Panama
91,meyerjeff,2021-01-19,Nicaragua
92,bairdsheri,2023-08-14,Turkey
93,heatherfrost,2025-01-14,Canada
94,aaron39,2024-07-16,Honduras
95,warrenmonica,2023-02-11,Oman
96,lynnmoore,2023-03-03,Iraq
97,monicaweeks,2020-10-14,Faroe Islands
98,thompsonryan,2025-07-03,India
99,jesseross,2025-03-25,Sweden
100,sergio81,2022-03-23,Azerbaijan
101,david12,2021-02-18,Guatemala
102,swarren,2022-09-24,Haiti
103,davisjohn,2024-05-27,Barbados
104,christopher67,2021-07-29,Djibouti
105,mdorsey,2024-04-23,Falkland Islands (Malvinas)
106,millerlauren,2021-11-07,Norfolk Island
107,carmensantana,2024-03-12,Belgium
108,ronald70,2022-09-03,Kuwait
109,mark12,2023-08-02,Grenada
110,evega,2024-04-20,Mayotte
111,patrick00,2024-11-26,Latvia
112,petermartin,2021-09-17,Holy See (Vatican City State)
113,kristyjames,2022-10-21,Bulgaria
114,john33,2024-04-05,Uruguay
115,johnayala,2021-09-07,Lesotho
116,alexanderstrong,2025-05-11,Sri Lanka
117,comptonrachel,2020-11-12,Uzbekistan
118,bjohnson,2024-12-07,Afghanistan
119,samantha75,2025-07-05,United Arab Emirates
120,david01,2021-01-24,Lebanon
121,garzatheresa,2024-08-19,Tunisia
122,fsmith,2025-03-26,Namibia
123,walkersamantha,2024-07-06,Mauritius
124,pamelamiller,2021-08-10,Samoa
125,michaelmelendez,2023-10-22,Gambia
126,pscott,2023-11-24,Korea
127,millerryan,2024-06-24,Timor-Leste
128,andrew13,2025-01-17,Saint Barthelemy
129,larry50,2021-04-13,Italy
130,justindean,2023-04-06,Wallis and Futuna
131,ysexton,2023-08-28,Grenada
132,teresahayes,2023-04-24,Cayman Islands
133,aliciagilbert,2024-10-17,Georgia
134,karenfarley,2020-10-14,Bermuda
135,jamesle,2025-10-03,Argentina
136,ryanmorales,2023-09-25,Aruba
137,upaul,2023-02-13,Tuvalu
138,jesseprice,2022-05-12,Russian Federation
139,trobinson,2024-05-15,Lao People's Democratic Republic
140,bryce47,2023-06-28,Gibraltar
141,brownlauren,2024-09-14,Kiribati
142,burtonmichelle,2021-03-20,Namibia
143,ljimenez,2022-02-07,South Georgia and the South Sandwich Islands
144,catherinehill,2021-09-28,Guinea
145,irwinbrittney,2025-06-28,Nepal
146,rileysmith,2020-11-08,San Marino
147,karafrancis,2024-09-08,Iran
148,elijah31,2025-07-14,Belize
149,margaret96,2022-10-10,Luxembourg
150,paulgreen,2021-05-16,Croatia
151,xmckay,2021-12-23,Greece
152,nicole55,2022-12-15,Heard Island and McDonald Islands
153,dreed,2021-10-30,Djibouti
154,darren58,2022-09-21,Zambia
155,jeremiahbyrd,2023-06-02,Guinea-Bissau
156,samantha01,2022-01-18,Iran
157,matthewevans,2020-11-07,Guatemala
158,mitchell15,2022-08-05,Hungary
159,xclark,2021-07-28,Portugal
160,laurahall,2022-02-09,Germany
161,michaelwarner,2025-01-30,Malta
162,mbeasley,2021-02-18,Chile
163,carlos25,2024-03-12,Uganda
164,tamara36,2025-10-01,Wallis and Futuna
165,krobinson,2021-09-06,United Arab Emirates
166,barneschristopher,2023-10-05,Brunei Darussalam
167,andrewlane,2024-10-31,Burkina Faso
168,sydney88,2022-07-31,Samoa
169,shorn,2024-05-17,Western Sahara
170,valeriehartman,2022-02-04,Congo
171,greenedavid,2021-07-17,Poland
172,hardycody,2022-04-24,Bahamas
173,carlsondanielle,2023-11-04,Mauritania
174,davemays,2025-09-21,Guyana
175,sgriffin,2025-05-01,Uruguay
176,taylor26,2024-06-30,Nicaragua
177,duane31,2023-03-29,Zambia
178,sethlawrence,2023-09-19,Guadeloupe
179,codywashington,2021-11-24,Cook Islands
180,laura13,2025-01-24,Kiribati
181,clarkjade,2022-12-11,Saint Lucia
182,soliskathleen,2025-06-02,Liberia
183,kleinmelissa,2023-11-12,Canada
184,jeffrey46,2025-07-03,Guernsey
185,crystalsimpson,2025-07-26,Cuba
186,paige96,2022-08-16,United States of America
187,kayla45,2023-02-23,Bosnia and Herzegovina
188,myerstammy,2024-09-03,Zambia
189,james84,2025-07-03,Togo
190,jamescastillo,2023-12-01,Australia
191,wsantiago,2025-10-14,Guinea
192,zhunt,2022-09-24,Haiti
193,wolfelisa,2022-07-13,Taiwan
194,tristanmckenzie,2024-05-04,Mozambique
195,nathanwashington,2024-03-24,Moldova
196,hgalvan,2024-07-31,Sweden
197,lanekim,2021-02-01,Sao Tome and Principe
198,tiffany46,2022-02-27,Latvia
199,scott01,2024-02-15,Finland
200,christopher88,2023-09-28,Suriname
201,lopezvalerie,2025-07-18,United States of America
202,amanda73,2022-08-10,United States of America
203,pricesusan,2022-01-18,Zambia
204,parker77,2025-04-19,Ecuador
205,jenna19,2022-11-07,Pakistan
206,katherine64,2021-04-18,Bosnia and Herzegovina
207,uchang,2023-01-07,United States Virgin Islands
208,thomasgreg,2022-06-27,Guyana
209,awilkerson,2022-01-24,Estonia
210,kevinparker,2021-11-17,Malaysia
211,nicholas62,2023-03-08,Gibraltar
212,jameshunter,2023-08-08,Indonesia
213,cameron13,2021-09-13,Lesotho
214,thomasbrandon,2022-03-08,Guinea-Bissau
215,cmcgrath,2023-06-13,South Africa
216,kathleen53,2024-05-22,Belgium
217,lowen,2022-11-09,Central African Republic
218,sara59,2020-11-18,Macao
219,barbara90,2025-01-10,Grenada
220,whuerta,2025-06-19,Equatorial Guinea
221,campbellchristina,2022-06-11,China
222,braymiranda,2021-01-13,Saudi Arabia
223,nancy52,2023-11-30,Tajikistan
224,kleindawn,2022-12-07,Norway
225,martinezcindy,2021-10-01,Seychelles
226,kaitlyn95,2024-04-14,Belgium
227,thomasvanessa,2020-12-21,Liberia
228,sarahbranch,2022-09-27,Bahamas
229,tgarcia,2021-01-03,Nigeria
230,james17,2023-02-08,South Africa
231,alan50,2020-12-30,Tunisia
232,dcooper,2025-04-05,Peru
233,victoria51,2020-12-01,Netherlands
234,natashamccall,2020-12-30,Congo
235,burnettbrenda,2024-10-18,Micronesia
236,ashley50,2024-06-28,United States Virgin Islands
237,danielle02,2024-02-05,Belize
238,acox,2025-09-21,Slovenia
239,allenleroy,2021-03-15,Nicaragua
240,ghines,2022-01-23,Ethiopia
241,jacqueline29,2021-09-08,Lithuania
242,zacharypowell,2022-04-29,Gibraltar
243,wmorgan,2021-06-06,Mozambique
244,rickeygreer,2021-09-09,Iraq
245,johnsonmatthew,2023-02-21,Aruba
246,garrettpowers,2025-09-06,Uzbekistan
247,wellsnicole,2024-10-26,Paraguay
248,cainalejandro,2022-04-02,Bhutan
249,simpsonjoyce,2021-10-18,Paraguay
250,teresa31,2025-07-13,Korea
251,webervictoria,2025-09-01,Dominica
252,pittsjames,2023-07-20,Kiribati
253,amystephens,2021-11-05,Chad
254,dianehale,2024-09-04,Liechtenstein
255,drogers,2021-09-04,Colombia
256,robert72,2023-03-31,Trinidad and Tobago
257,marcwhite,2025-08-26,Congo
258,deborah54,2021-08-22,Austria
259,clarkjanet,2022-08-25,Swaziland
260,stevenkline,2023-01-10,Chile
261,lewisaustin,2021-02-05,Jersey
262,waltonemily,2021-09-30,Poland
263,scottthomas,2022-09-10,Angola
264,simmonssonya,2021-07-01,Northern Mariana Islands
265,ecurry,2024-05-01,Taiwan
266,qtorres,2021-12-20,Liechtenstein
267,ebarnes,2021-01-31,Christmas Island
268,colleenallen,2023-09-12,Latvia
269,ncarey,2021-06-02,Haiti
270,xcrawford,2023-07-16,Mauritius
271,mcdonaldbrian,2023-10-25,Cocos (Keeling) Islands
272,michelleanderson,2024-09-18,Vanuatu
273,ronnie17,2025-05-02,Trinidad and Tobago
274,rmunoz,2023-01-31,Italy
275,vvalentine,2024-07-21,Botswana
276,alisha71,2022-10-18,Sierra Leone
277,vmorgan,2024-07-21,Svalbard & Jan Mayen Islands
278,leenicole,2021-05-20,Uzbekistan
279,kimrodney,2021-07-04,Cuba
280,zacharyjones,2022-01-13,United States Virgin Islands
281,munozjennifer,2023-01-12,Jamaica
282,chad91,2023-01-11,Seychelles
283,elizabethrussell,2023-03-04,Chile
284,fernandezjohn,2022-05-02,Cape Verde
285,bethblackburn,2021-07-15,Mayotte
286,acostacatherine,2021-03-07,Bolivia
287,patrick24,2021-01-24,Israel
288,chambersjose,2020-12-12,French Southern Territories
289,matthewserrano,2022-03-20,Cuba
290,lisa02,2025-05-19,Saint Kitts and Nevis
291,katherinelee,2020-12-02,Northern Mariana Islands
292,ldecker,2024-06-23,Isle of Man
293,mmeyers,2022-09-29,Saint Vincent and the Grenadines
294,jenniferlivingston,2024-08-07,Isle of Man
295,andersonstephanie,2020-11-30,Oman
296,cooperaudrey,2024-01-10,Oman
297,omiranda,2020-10-26,Martinique
298,beckysmith,2022-03-29,Cambodia
299,chad15,2021-04-29,Saint Barthelemy
300,garciaanna,2025-04-17,Azerbaijan
301,hdunn,2024-07-19,Iran
302,xchapman,2024-11-15,Turkmenistan
303,ttorres,2021-03-08,Guam
304,mccoymarcus,2022-05-31,Cameroon
305,james28,2021-09-12,Morocco
306,bryce85,2021-09-01,Dominican Republic
307,shawncruz,2023-02-13,Croatia
308,margaret95,2021-11-05,Belize
309,kellyherrera,2025-08-17,Cape Verde
310,yanglaura,2022-06-24,Malaysia
311,stoutkathryn,2023-06-28,Trinidad and Tobago
312,morgancruz,2024-09-13,Ghana
313,ruizjames,2024-01-09,Dominican Republic
314,uacevedo,2024-07-01,Madagascar
315,michelle09,2025-05-08,Belarus
316,jjohnson,2022-03-18,Samoa
317,suzannesilva,2025-03-12,Sierra Leone
318,jeremiah63,2024-03-21,Singapore
319,thomas85,2025-10-05,Comoros
320,mgonzalez,2025-01-05,Papua New Guinea
321,daniel45,2022-05-05,Liberia
322,dianajuarez,2023-07-19,Nauru
323,ryangray,2023-12-07,Korea
324,shellybrown,2020-12-22,New Zealand
325,kevinlopez,2021-01-30,Central African Republic
326,kevinmorris,2025-02-06,Grenada
327,tamarafernandez,2024-04-28,Vietnam
328,jeremywashington,2022-01-01,Benin
329,francesblair,2021-07-01,Liberia
330,mccarthyashley,2021-09-10,Faroe Islands
331,patrick71,2021-06-12,Bulgaria
332,lucashenry,2024-12-26,Afghanistan
333,jdavis,2023-10-23,Svalbard & Jan Mayen Islands
334,mduran,2025-07-22,Brunei Darussalam
335,watsonedward,2023-02-27,Tajikistan
336,wagnerjames,2021-02-20,Zimbabwe
337,karen13,2023-10-11,Turks and Caicos Islands
338,vwade,2022-05-16,Saint Lucia
339,annettesullivan,2022-06-15,British Indian Ocean Territory (Chagos Archipelago)
340,amyking,2021-01-15,Singapore
341,susan72,2025-08-17,Djibouti
342,janiceharmon,2025-06-28,Niger
343,wrush,2025-02-18,Oman
344,jessicavega,2021-06-27,Saint Vincent and the Grenadines
345,brucejeffrey,2023-08-29,Costa Rica
346,moorecrystal,2021-03-29,Slovakia (Slovak Republic)
347,woodspenny,2022-03-21,Western Sahara
348,everettemily,2024-12-30,Zambia
349,johnathan07,2023-11-09,Norfolk Island
350,wfrench,2024-03-25,Tajikistan
351,carrollnatalie,2024-04-12,Pakistan
352,woodwardmatthew,2024-07-19,Belgium
353,johnsonbrandon,2023-08-12,Latvia
354,wgarcia,2025-09-23,Sierra Leone
355,geraldpatel,2023-07-15,Cyprus
356,ronaldortiz,2022-05-09,El Salvador
357,ledwards,2025-04-12,Estonia
358,wilsonabigail,2020-12-22,Estonia
359,butlerangela,2022-04-01,Malawi
360,vboyd,2024-10-23,Costa Rica
361,marcsmith,2021-10-21,Palestinian Territory
362,crystalhall,2025-06-25,Ethiopia
363,jenniferdaniel,2024-06-27,Qatar
364,qgreer,2022-09-15,Isle of Man
365,michaelbrooks,2024-02-22,Serbia
366,julie85,2022-12-11,Isle of Man
367,walkerjaclyn,2022-01-25,Greenland
368,gsanchez,2023-05-31,Brazil
369,deborahhoover,2025-08-19,Hong Kong
370,kwallace,2021-03-22,Honduras
371,joshua67,2025-01-15,Seychelles
372,melissa23,2024-11-06,Lithuania
373,rebekah35,2020-12-25,Yemen
374,robinsonmark,2020-11-19,Australia
375,kjohnson,2021-12-23,Ethiopia
376,julie89,2022-01-26,Canada
377,luke03,2021-06-12,Barbados
378,kenneth14,2023-02-07,Jersey
379,johntanner,2023-10-01,Wallis and Futuna
380,tguerrero,2024-07-14,Mauritania
381,rodriguezrebecca,2024-09-12,Liechtenstein
382,medinaholly,2022-03-05,Djibouti
383,allenpenny,2021-04-20,Belarus
384,shawnsingh,2023-05-15,Burundi
385,hernandezmorgan,2024-10-21,United States of America
386,mendozalaura,2024-10-31,Sudan
387,coxalicia,2020-11-06,Trinidad and Tobago
388,schroedermichelle,2024-02-22,Kyrgyz Republic
389,lesliehill,2025-09-29,United States Minor Outlying Islands
390,zryan,2021-06-17,Mauritius
391,hhernandez,2021-04-09,Guyana
392,joshua58,2025-03-26,United States Virgin Islands
393,tracyvang,2022-10-18,Bangladesh
394,lovejohn,2025-03-07,Turks and Caicos Islands
395,claudiahernandez,2021-09-14,Costa Rica
396,david78,2022-02-04,Bangladesh
397,cmann,2021-01-11,Svalbard & Jan Mayen Islands
398,kelli50,2021-10-12,Sierra Leone
399,julieyoung,2022-05-15,Chad
400,ssloan,2025-05-05,Poland
401,patricia19,2022-12-31,New Caledonia
402,jamie46,2025-04-22,Norway
403,rritter,2024-07-16,Vanuatu
404,vvargas,2023-09-05,Switzerland
405,lelliott,2021-08-09,Senegal
406,timothygonzales,2025-01-11,Honduras
407,jeffery25,2025-01-14,Maldives
408,reeseaaron,2022-11-03,Dominican Republic
409,nicholas89,2023-08-23,Martinique
410,toconnell,2024-03-03,Somalia
411,rebecca01,2024-05-26,Niger
412,amandamunoz,2022-08-29,Martinique
413,barberjohn,2021-02-25,Colombia
414,tyler26,2024-07-30,Zambia
415,udavis,2024-01-11,Kuwait
416,lisa61,2021-06-25,Gambia
417,franklinomar,2021-02-22,Angola
418,juliegomez,2024-04-18,United States Minor Outlying Islands
419,wwright,2023-04-25,Sao Tome and Principe
420,conleyisaiah,2023-05-28,British Virgin Islands
421,mary71,2024-08-11,Saint Pierre and Miquelon
422,heatherprice,2020-10-26,Armenia
423,lucerodavid,2023-05-04,Croatia
424,brownanne,2021-08-31,Gambia
425,charlesjanice,2024-05-17,Jordan
426,bellamy,2023-12-22,Equatorial Guinea
427,haleybelinda,2021-03-24,Sao Tome and Principe
428,rachel55,2023-11-17,Antigua and Barbuda
429,marissagarcia,2024-07-27,Ireland
430,craighale,2021-04-27,Canada
431,cooperrebecca,2023-06-08,Austria
432,wsanford,2022-11-22,New Caledonia
433,christopher27,2021-12-22,Wallis and Futuna
434,jennifer33,2020-11-10,Jordan
435,gquinn,2025-07-05,Saint Kitts and Nevis
436,patelbill,2024-01-07,Belize
437,josephmcdaniel,2024-02-03,Cayman Islands
438,johnblack,2024-11-14,Sao Tome and Principe
439,davisdanielle,2023-09-30,Antigua and Barbuda
440,michaelsmith,2023-08-27,Sweden
441,andersonderek,2021-01-10,Reunion
442,christophersmith,2021-12-31,El Salvador
443,aliciagreer,2022-10-17,Bolivia
444,colonellen,2024-06-29,Cambodia
445,rebecca49,2022-06-30,Vanuatu
446,vrobinson,2022-01-07,Iraq
447,jennifer38,2024-10-07,Western Sahara
448,gilbertlaura,2022-08-13,Papua New Guinea
449,ronald08,2021-12-28,Philippines
450,mallorycrane,2023-02-23,Kiribati
451,tammy39,2022-01-15,South Georgia and the South Sandwich Islands
452,parkermegan,2022-01-14,Central African Republic
453,michaeltrevino,2021-06-26,Uruguay
454,annjohnson,2024-03-06,India
455,davidlewis,2024-04-07,Vietnam
456,zrodriguez,2021-09-24,Czech Republic
457,hernandezmegan,2024-04-25,Panama
458,spenceranthony,2025-01-27,Namibia
459,silvalauren,2023-06-11,Bermuda
460,fosterfrederick,2025-04-30,Malta
461,oconner,2025-02-16,Paraguay
462,jbeck,2024-02-17,Aruba
463,emilyortega,2023-01-16,Turks and Caicos Islands
464,lewisangela,2025-01-14,Argentina
465,taylor52,2023-07-14,Guyana
466,michaellove,2025-05-28,Grenada
467,sheri30,2025-10-08,Greenland
468,ryanfernandez,2023-05-15,Belize
469,ucervantes,2023-04-30,Lao People's Democratic Republic
470,jessemoran,2024-09-19,Niue
471,icampbell,2023-10-27,Malaysia
472,margaretmorales,2022-11-13,Croatia
473,martinezvalerie,2022-10-19,Antigua and Barbuda
474,brian70,2024-04-03,Jamaica
475,efox,2021-11-12,Ireland
476,bmason,2024-06-18,Saint Martin
477,christopher36,2023-12-27,Latvia
478,kevinobrien,2023-06-16,Monaco
479,nknapp,2022-07-02,Jordan
480,tiffany69,2023-08-19,Congo
481,tjohnson,2021-07-02,Tokelau
482,rebeccasmith,2023-07-05,Niue
483,kimberly75,2024-04-12,United Arab Emirates
484,pearsonlisa,2024-05-05,Cuba
485,taylorcharles,2024-11-21,Georgia
486,jamesmooney,2021-06-17,Kenya
487,thompsonpaul,2022-07-02,Madagascar
488,chadclark,2023-04-27,Equatorial Guinea
489,manuel94,2021-05-24,Chad
490,tina11,2024-07-13,Turks and Caicos Islands
491,james11,2025-06-07,Sweden
492,zacharypatton,2023-02-27,Anguilla
493,kevinrogers,2023-12-02,Singapore
494,todd86,2020-11-10,Netherlands Antilles
495,lisa42,2024-05-16,Anguilla
496,joshuasmith,2024-08-05,Nigeria
497,caldwelljoseph,2023-07-26,Switzerland
498,bwilliams,2023-01-07,Liechtenstein
499,shawnhenry,2021-08-06,Guinea
500,gbarrera,2024-07-20,Guyana
501,iwells,2024-01-13,Luxembourg
502,mccallrodney,2022-09-13,French Southern Territories
503,gloria56,2021-04-02,Egypt
504,shawn98,2023-07-17,North Macedonia
505,matthewsalazar,2022-01-12,Lesotho
506,davisrebecca,2023-07-26,Saudi Arabia
507,paulmcgee,2024-04-13,Costa Rica
508,juan74,2024-05-25,Faroe Islands
509,jenningsjames,2021-02-01,South Georgia and the South Sandwich Islands
510,wardkaren,2022-05-20,Bosnia and Herzegovina
511,zcantrell,2023-06-21,Uzbekistan
512,odonnellangelica,2025-06-28,Qatar
513,yfrench,2025-01-10,Slovakia (Slovak Republic)
514,yhoover,2021-01-31,Congo
515,ydelgado,2025-05-26,Saint Martin
516,jennanguyen,2024-08-28,Belize
517,heathermcclure,2024-10-19,Ecuador
518,nwillis,2024-02-05,Sudan
519,jamescamacho,2022-02-03,Iraq
520,juanspence,2024-08-07,Croatia
521,dustinjohnson,2023-02-04,Indonesia
522,mariacain,2025-08-29,Lithuania
523,kristinsawyer,2025-10-11,Malaysia
524,mckinneymichelle,2024-04-19,Cape Verde
525,dlowery,2022-09-02,Nigeria
526,lauradunn,2024-04-19,Guyana
527,jhamilton,2021-11-16,Spain
528,tthomas,2022-09-24,Eritrea
529,kristin67,2025-04-05,Cocos (Keeling) Islands
530,andrewgraham,2023-03-02,Isle of Man
531,peter97,2023-08-16,Cocos (Keeling) Islands
532,jeremymcdowell,2021-01-07,Tajikistan
533,omendez,2022-02-20,Lithuania
534,owenslawrence,2022-10-14,United Arab Emirates
535,lawrencewilliamson,2020-11-20,Libyan Arab Jamahiriya
536,jessegross,2025-02-24,Gibraltar
537,melindaross,2024-10-06,Puerto Rico
538,joe17,2023-06-06,Argentina
539,tyler00,2023-06-18,Swaziland
540,williamjones,2024-06-15,Switzerland
541,richardgriffin,2025-07-08,United Kingdom
542,david28,2021-02-11,French Guiana
543,hollyolson,2024-09-15,Liechtenstein
544,andrew78,2025-08-20,American Samoa
545,pfry,2024-06-05,San Marino
546,hwright,2023-07-30,Qatar
547,donald89,2024-08-12,France
548,sharonjones,2021-04-30,United States Minor Outlying Islands
549,leejohn,2022-07-20,Liechtenstein
550,brian94,2024-03-16,Jersey
551,georgemitchell,2024-01-12,North Macedonia
552,isabellagonzalez,2025-04-09,Mexico
553,stricklandpatricia,2022-07-09,Wallis and Futuna
554,brett12,2021-12-15,Bouvet Island (Bouvetoya)
555,wlynch,2023-09-23,Palestinian Territory
556,amyandrews,2020-12-11,Micronesia
557,thomasdickerson,2023-11-14,Morocco
558,williambryant,2024-02-16,Afghanistan
559,boothamy,2020-11-29,Bangladesh
560,emilytrujillo,2023-03-01,Cape Verde
561,patricia14,2023-08-25,Croatia
562,simonmeghan,2022-01-30,South Africa
563,heather53,2022-06-28,Philippines
564,drakelinda,2024-01-24,Canada
565,adamnguyen,2023-01-29,Burundi
566,garygrant,2020-10-27,Kiribati
567,tina38,2025-02-28,Qatar
568,stephanieharris,2022-07-24,Italy
569,mahoneychristina,2024-02-18,Colombia
570,qkramer,2020-10-23,Belgium
571,rita83,2025-05-11,Burundi
572,derekhampton,2021-03-15,Chad
573,cbrock,2023-01-23,Isle of Man
574,csanford,2020-11-19,French Guiana
575,allenyvette,2025-09-01,Peru
576,elizabethcohen,2022-05-04,Malta
577,mbarber,2023-07-21,French Polynesia
578,thomas78,2024-07-19,Monaco
579,zrobinson,2022-05-16,Panama
580,qwoods,2021-01-05,Jordan
581,stephaniejacobs,2024-08-21,Rwanda
582,staffordamy,2020-12-08,Singapore
583,benjaminjoseph,2023-08-28,Estonia
584,zwatson,2021-12-04,Iceland
585,franklinfoster,2022-03-06,Congo
586,aperez,2024-12-03,Eritrea
587,nmorgan,2021-05-20,Zambia
588,emilymurphy,2020-10-15,Guernsey
589,joel62,2023-11-07,Mexico
590,pbrown,2022-03-18,Guyana
591,robbinsvanessa,2024-04-03,Paraguay
592,larry88,2023-03-11,United States Virgin Islands
593,peterbryant,2021-11-17,Argentina
594,hughesjanet,2024-07-14,Central African Republic
595,harrisonpatrick,2022-06-14,Puerto Rico
596,christina73,2022-03-26,Turks and Caicos Islands
597,rickyjones,2024-01-16,Armenia
598,lunamichael,2025-04-12,Saint Helena
599,xwilliams,2021-09-30,Tanzania
600,zoeholloway,2024-05-01,Korea
601,jennifermorris,2021-10-09,Iceland
602,pattonjohnathan,2022-07-11,Rwanda
603,johnny13,2021-02-16,Qatar
604,rrobinson,2021-03-05,Cook Islands
605,jesseramirez,2024-11-23,South Africa
606,jamesjohnson,2023-06-05,Swaziland
607,stevenssandra,2021-10-03,Jersey
608,margaretstark,2021-03-05,French Polynesia
609,aguerrero,2022-04-27,India
610,davisjennifer,2021-05-23,Greece
611,middletonkevin,2020-11-13,Dominica
612,debra50,2021-05-13,Indonesia
613,jenniferjohnson,2022-10-14,Grenada
614,daniel17,2021-07-19,Anguilla
615,sheri71,2022-05-23,Iran
616,davischristopher,2022-08-28,Saint Vincent and the Grenadines
617,ijohnson,2021-08-30,France
618,mejiaeric,2022-07-06,Faroe Islands
619,kim48,2022-10-21,Kyrgyz Republic
620,njones,2023-05-02,Timor-Leste
621,jeffreypatton,2021-07-08,Zimbabwe
622,joanne84,2024-10-13,Albania
623,dmitchell,2021-03-06,United States Virgin Islands
624,laurasnow,2022-09-05,South Georgia and the South Sandwich Islands
625,jennifer72,2023-12-22,Botswana
626,arobles,2022-04-25,Mauritania
627,bmullins,2023-03-22,French Polynesia
628,judyturner,2023-11-16,Bangladesh
629,thompsonstephanie,2025-03-15,Chile
630,jsmith,2024-06-25,Jersey
631,jessica89,2021-02-11,French Guiana
632,marywhitney,2021-07-06,Yemen
633,nhoward,2025-05-19,Hong Kong
634,melanie22,2022-07-29,Thailand
635,johnmorales,2021-02-05,Cyprus
636,simsheather,2025-03-04,Slovenia
637,barrerarhonda,2022-12-06,Congo
638,christina14,2020-11-30,China
639,autumnbrown,2022-03-14,Martinique
640,webersandra,2021-05-09,Poland
641,frank84,2024-06-05,Anguilla
642,david16,2024-07-11,Cambodia
643,aliciapoole,2021-12-16,Netherlands
644,blakewilliams,2024-04-26,Saint Helena
645,arussell,2022-09-13,Suriname
646,villarrealbryan,2024-12-06,Mali
647,bcox,2021-02-23,Saint Kitts and Nevis
648,kim34,2025-07-30,Bangladesh
649,kathryn59,2025-09-05,Palestinian Territory
650,dayrobert,2022-05-07,Yemen
651,usampson,2024-10-25,Turkmenistan
652,jonathansellers,2022-12-25,Romania
653,gwilson,2024-05-19,Spain
654,davidlittle,2024-11-08,Bangladesh
655,jefferyrodriguez,2023-07-10,Gambia
656,dominiquephillips,2022-03-08,Philippines
657,zswanson,2022-05-19,Guatemala
658,jerryandrews,2020-11-01,Swaziland
659,whitemargaret,2021-08-20,Singapore
660,stephaniemcdowell,2023-06-28,Djibouti
661,johnsonerin,2025-09-10,Kuwait
662,nicholas41,2021-11-13,Australia
663,shannonmorgan,2021-09-29,Sudan
664,aaronhall,2023-12-25,Iceland
665,lynnfuller,2025-06-11,Nigeria
666,jacksonhannah,2024-05-04,Samoa
667,whitedan,2024-11-28,Equatorial Guinea
668,marynolan,2024-08-31,Mongolia
669,rivasdavid,2022-08-19,Guatemala
670,keydouglas,2025-09-17,Egypt
671,john34,2020-10-14,Comoros
672,fchung,2023-12-18,United Kingdom
673,vmartinez,2023-02-25,Portugal
674,davisdavid,2023-04-14,Lithuania
675,sanchezzachary,2023-02-09,Guyana
676,vrowe,2023-10-04,Maldives
677,victoria02,2025-09-16,Nauru
678,mullenkelly,2021-05-20,El Salvador
679,georgemichael,2024-12-07,United Kingdom
680,rogersmonique,2023-09-18,Rwanda
681,gjohnson,2023-09-11,Spain
682,dan97,2025-06-17,Moldova
683,andressmith,2024-09-29,Falkland Islands (Malvinas)
684,suttonrebecca,2021-10-10,Saint Lucia
685,rogerspencer,2022-01-30,Cyprus
686,ewright,2024-07-22,Moldova
687,bryan79,2023-09-30,Mongolia
688,sanchezstacey,2025-05-03,United Kingdom
689,brownjessica,2022-07-19,Chad
690,zachary35,2022-06-27,Mayotte
691,nealjoshua,2024-12-24,Turks and Caicos Islands
692,fharding,2023-05-11,South Africa
693,allison76,2025-04-25,Slovenia
694,marciachavez,2025-10-06,Saint Pierre and Miquelon
695,cathyzhang,2025-06-15,Peru
696,lori60,2024-10-27,Latvia
697,kkidd,2022-11-08,Liechtenstein
698,brownronald,2023-02-24,Sao Tome and Principe
699,wgomez,2023-11-11,Marshall Islands
700,carl66,2024-02-16,Nigeria
701,ellenhurst,2021-03-14,Malaysia
702,katiemorales,2022-09-25,French Polynesia
703,kjackson,2024-04-22,British Indian Ocean Territory (Chagos Archipelago)
704,smithrussell,2022-03-13,Azerbaijan
705,gruiz,2025-06-25,Colombia
706,gcohen,2021-07-04,Estonia
707,jamesstone,2023-12-06,Barbados
708,ulynch,2023-11-15,Holy See (Vatican City State)
709,canderson,2023-10-08,Australia
710,michelledickerson,2025-03-17,Panama
711,robert95,2020-12-13,Mozambique
712,hannah92,2021-05-17,Kenya
713,leonmary,2024-05-28,Montenegro
714,rebeccaoconnell,2024-04-12,Hong Kong
715,restes,2025-04-01,Singapore
716,lucaspaul,2024-08-14,Congo
717,iwalter,2022-03-24,Sao Tome and Principe
718,oneilleddie,2022-07-20,Germany
719,mkrause,2025-08-17,Sierra Leone
720,ricardosmith,2021-09-03,Trinidad and Tobago
721,walkerjames,2021-05-01,Guam
722,rogersmorgan,2023-07-02,Singapore
723,donnareynolds,2022-01-28,Grenada
724,agoodwin,2024-07-30,Israel
725,ashleyturner,2023-07-07,Mayotte
726,william42,2023-04-27,Senegal
727,xkelly,2024-12-30,Solomon Islands
728,xwillis,2021-11-29,Gambia
729,aanderson,2023-06-21,Angola
730,cheryllee,2024-07-19,Cayman Islands
731,aimee67,2025-10-06,Morocco
732,fprice,2022-01-22,Gibraltar
733,rossmaria,2025-04-28,Kiribati
734,kaitlinjones,2023-03-27,Oman
735,jenkinsapril,2022-08-28,Slovenia
736,munozalexander,2023-09-01,Swaziland
737,gordonmark,2021-07-22,Taiwan
738,maryjensen,2024-11-28,Saint Kitts and Nevis
739,jacksonwhite,2024-05-07,Cote d'Ivoire
740,littlebarbara,2021-01-02,Guinea-Bissau
741,rodriguezkenneth,2022-07-30,Faroe Islands
742,hillandrew,2024-08-27,Indonesia
743,deannahill,2021-10-15,Cocos (Keeling) Islands
744,hmay,2023-02-05,Estonia
745,thunter,2025-03-20,Taiwan
746,johnwhite,2020-12-17,Kazakhstan
747,wilsonelijah,2022-08-28,Svalbard & Jan Mayen Islands
748,beasleystephanie,2025-03-03,Venezuela
749,joelwerner,2024-03-13,Mali
750,amandapittman,2025-06-16,Mongolia
751,qhall,2024-02-13,Pakistan
752,christopher85,2024-11-12,Kenya
753,philipclark,2023-11-27,Cuba
754,navarroteresa,2022-09-08,Chile
755,meaganbutler,2022-08-13,Luxembourg
756,jacksonjessica,2021-11-23,Greenland
757,nicolerussell,2024-12-30,Italy
758,mchang,2024-05-25,Iceland
759,sharonlewis,2021-09-12,Nauru
760,garciamatthew,2025-07-21,Mayotte
761,eduardojohnson,2021-12-25,Equatorial Guinea
762,cwilkerson,2024-10-08,Mauritius
763,georgemelissa,2022-06-07,Tokelau
764,tammy73,2022-06-20,United Kingdom
765,tpalmer,2022-01-07,Hungary
766,robinmorales,2024-02-27,Bosnia and Herzegovina
767,prodriguez,2021-11-15,Iran
768,ashleyjackson,2024-01-07,Mozambique
769,fernandezjonathon,2025-03-23,South Africa
770,jon99,2024-12-25,Mexico
771,peter55,2023-05-17,Zimbabwe
772,warrenlaura,2025-01-16,Saint Pierre and Miquelon
773,linda24,2023-10-31,Germany
774,lisa32,2022-09-22,Eritrea
775,jonathanferrell,2025-10-11,Tanzania
776,jtaylor,2025-04-03,United States Minor Outlying Islands
777,jamiecarter,2022-11-13,Finland
778,gregorywright,2025-06-22,Tunisia
779,joelgarcia,2023-07-17,Egypt
780,bethanyjackson,2021-06-14,Comoros
781,michelle25,2022-03-10,Equatorial Guinea
782,danielnorris,2025-03-31,New Zealand
783,rsanchez,2022-12-06,Denmark
784,christopher85,2022-08-06,Kenya
785,dannygarrison,2024-11-22,Syrian Arab Republic
786,harveylinda,2024-04-07,Dominica
787,robynjones,2025-04-20,Gabon
788,oblack,2023-03-31,Tajikistan
789,cjimenez,2024-11-02,Cook Islands
790,goodchristopher,2024-01-01,Marshall Islands
791,brandonberg,2021-08-24,Turkmenistan
792,valeriedillon,2024-08-28,Kiribati
793,crussell,2024-09-17,Korea
794,matthew23,2021-12-15,Uganda
795,kevinbarnett,2022-08-29,Falkland Islands (Malvinas)
796,hoganmarie,2022-09-08,Marshall Islands
797,vhughes,2024-07-06,Monaco
798,pwilson,2023-03-05,Ukraine
799,carrieedwards,2022-08-28,Hungary
800,fernandomartinez,2022-03-08,United States Virgin Islands
801,perezfrederick,2024-02-01,South Georgia and the South Sandwich Islands
802,vbush,2022-01-09,United Kingdom
803,laura76,2024-04-25,Congo
804,belltamara,2021-07-02,Lao People's Democratic Republic
805,brianmyers,2024-01-12,Turkmenistan
806,jillquinn,2024-08-28,Nigeria
807,rachelwilliams,2021-05-09,Turkey
808,qgonzalez,2023-04-28,Latvia
809,alison56,2024-02-24,Greece
810,gjohnson,2023-09-02,Benin
811,gcox,2021-01-25,Colombia
812,watkinsjason,2025-01-26,Libyan Arab Jamahiriya
813,lawsonjerome,2023-12-24,Kuwait
814,rileysandra,2025-08-04,United States Virgin Islands
815,estanley,2021-04-13,Bhutan
816,ramirezmichael,2023-04-16,Turkey
817,cindyreynolds,2023-12-14,Guam
818,schneidertammy,2024-09-24,Pakistan
819,jeremiah24,2025-04-19,Lesotho
820,samanthashaffer,2023-05-07,Papua New Guinea
821,andresmunoz,2025-06-22,Namibia
822,jasonlopez,2023-01-18,Uganda
823,cathynicholson,2025-10-08,Heard Island and McDonald Islands
824,cody71,2022-08-22,Lithuania
825,efrye,2023-01-23,Haiti
826,gomezruth,2020-10-24,Malawi
827,jennifer88,2024-05-06,Zimbabwe
828,shane93,2021-05-14,Tanzania
829,dmorales,2023-11-09,Burkina Faso
830,moorekenneth,2022-11-02,Korea
831,robert45,2022-02-05,Aruba
832,vanessarogers,2021-08-07,Macao
833,kwoods,2023-05-01,Equatorial Guinea
834,mary54,2023-09-01,Saint Vincent and the Grenadines
835,staceyhoward,2024-04-01,Cayman Islands
836,gcharles,2022-08-22,Argentina
837,oholt,2025-01-28,Sri Lanka
838,david70,2022-08-23,Nicaragua
839,pharris,2020-12-11,Bangladesh
840,jeffreyellis,2022-04-17,Morocco
841,dianatran,2024-02-24,Mauritania
842,reillyalison,2022-07-09,Guam
843,johnballard,2021-08-01,Greece
844,taylorrobert,2023-02-23,Saint Martin
845,oliverashley,2025-02-11,Saint Martin
846,josephlara,2021-08-07,Lesotho
847,armstrongsheila,2025-04-23,Congo
848,richard49,2021-11-30,United Arab Emirates
849,jessica61,2025-01-27,Puerto Rico
850,harrispatrick,2021-01-11,Kazakhstan
851,brichardson,2024-07-08,Vietnam
852,omcgee,2021-10-11,Pakistan
853,goodmanjessica,2020-12-07,Comoros
854,icarpenter,2020-12-16,Gabon
855,kharris,2021-04-18,Reunion
856,larry59,2023-12-27,Brunei Darussalam
857,michaelknox,2022-04-27,Jamaica
858,gordonrodney,2021-09-20,Switzerland
859,rwatts,2023-04-18,India
860,lacey49,2024-09-21,Panama
861,iharrington,2023-09-07,Ethiopia
862,richardsdouglas,2022-03-28,Timor-Leste
863,tiffanyroberts,2021-10-09,Venezuela
864,kristinekim,2021-02-27,North Macedonia
865,amarquez,2024-01-30,Malta
866,hunter49,2022-05-08,Saint Vincent and the Grenadines
867,deborahfitzgerald,2021-11-10,Saint Lucia
868,marygriffith,2021-07-14,Hong Kong
869,shannon89,2022-10-11,Antarctica (the territory South of 60 deg S)
870,adaniels,2023-12-13,Venezuela
871,michael06,2025-05-16,Burundi
872,hooverjuan,2021-07-23,Belize
873,michaelstevens,2024-11-26,Burundi
874,akennedy,2023-02-10,Slovakia (Slovak Republic)
875,daleperry,2022-11-07,Aruba
876,heather27,2025-08-30,Malawi
877,zacharysmith,2023-05-30,Micronesia
878,coxbrian,2023-09-17,Lao People's Democratic Republic
879,andersonsuzanne,2022-12-17,Fiji
880,spencercook,2024-04-28,Zimbabwe
881,robertgraham,2023-10-03,Samoa
882,kevinmccall,2021-01-15,Estonia
883,daveramirez,2025-08-26,United Kingdom
884,kwarner,2021-02-15,Cayman Islands
885,andrea44,2023-12-15,French Southern Territories
886,xburnett,2022-09-19,Samoa
887,yevans,2025-04-05,Iceland
888,karenbowman,2023-09-02,Guadeloupe
889,fordtodd,2023-02-08,Uzbekistan
890,rmejia,2022-11-11,Ethiopia
891,sally22,2025-08-14,Congo
892,toddstephen,2025-07-31,Mozambique
893,eharris,2025-02-08,Afghanistan
894,meyerschristina,2021-09-05,Poland
895,xfitzpatrick,2023-07-26,Azerbaijan
896,jpowell,2021-06-21,Kenya
897,kmiles,2023-12-18,Hong Kong
898,richardmorris,2023-05-13,Northern Mariana Islands
899,carlrivera,2022-01-11,Iraq
900,vargaschad,2022-08-28,Solomon Islands
901,wendyperkins,2023-04-17,Burundi
902,austinsamantha,2024-10-09,Algeria
903,jessicasanford,2023-11-11,Anguilla
904,alexandergrant,2022-08-08,Guyana
905,tpaul,2022-08-03,San Marino
906,nicole69,2025-10-04,Eritrea
907,david11,2021-09-02,Reunion
908,jessica65,2024-12-09,Western Sahara
909,estradaolivia,2022-01-14,Cambodia
910,jimenezcassandra,2021-04-22,Netherlands
911,joshuacollins,2023-10-01,Equatorial Guinea
912,cmurphy,2023-02-13,Nauru
913,santiagothomas,2022-02-18,Kuwait
914,anthony18,2025-05-31,Netherlands
915,ashleyhudson,2023-09-28,Morocco
916,christopher67,2021-09-28,Saudi Arabia
917,xlopez,2025-08-05,Cameroon
918,haileywagner,2021-12-11,Ireland
919,amber03,2024-01-21,Greenland
920,coxkendra,2023-09-01,India
921,russelljohn,2022-03-03,China
922,tonydavis,2022-02-27,Colombia
923,brian60,2021-07-15,Gibraltar
924,lewiscaitlin,2024-03-02,North Macedonia
925,rmerritt,2022-09-16,Namibia
926,ywilliams,2023-08-24,Uruguay
927,owenschase,2024-03-10,American Samoa
928,rbraun,2021-07-06,Lao People's Democratic Republic
929,juliaallen,2025-08-26,Ireland
930,walkercatherine,2025-05-15,Nepal
931,ariassherry,2022-09-02,Ghana
932,chennicholas,2025-04-10,Azerbaijan
933,brandonmonroe,2023-10-27,Dominican Republic
934,lopezsusan,2025-02-01,Guinea
935,tonystein,2024-11-02,Korea
936,cmaxwell,2022-12-16,Lao People's Democratic Republic
937,steven22,2022-01-04,Montenegro
938,stanley74,2024-06-10,Bhutan
939,qcollins,2025-03-07,Pakistan
940,jameshart,2024-02-16,Cameroon
941,jon09,2023-01-21,Western Sahara
942,barbara60,2025-07-29,Tanzania
943,xmartin,2024-11-19,Norfolk Island
944,ivaughan,2023-01-06,French Guiana
945,hrice,2024-09-06,Cambodia
946,pscott,2025-05-06,Kiribati
947,kimberlyparker,2023-12-25,Guam
948,olsonlinda,2023-07-31,Montserrat
949,melanie55,2021-02-16,Namibia
950,waynemays,2024-12-15,United States Minor Outlying Islands
951,gregory10,2023-01-05,Libyan Arab Jamahiriya
952,npittman,2023-04-29,Portugal
953,morrisdylan,2025-03-31,United Arab Emirates
954,maxwellcabrera,2021-01-26,Marshall Islands
955,michael73,2023-04-17,British Indian Ocean Territory (Chagos Archipelago)
956,jacobconrad,2024-11-11,Timor-Leste
957,bwalker,2021-07-25,Dominica
958,whiteheadkatherine,2022-09-28,Gibraltar
959,davidcarter,2022-10-03,Belarus
960,xhood,2025-04-27,Guyana
961,georgesamantha,2024-10-08,Central African Republic
962,jamesbrock,2025-05-24,Sri Lanka
963,alexander01,2024-11-23,Croatia
964,ujenkins,2025-09-15,Saint Helena
965,stanleymary,2025-02-04,Russian Federation
966,acampbell,2024-04-08,Gibraltar
967,monicaparker,2024-02-20,Greece
968,zacharysherman,2023-03-04,Japan
969,hrodriguez,2023-01-19,Morocco
970,travisbrown,2020-11-05,Timor-Leste
971,john16,2021-11-23,Saint Helena
972,qmarks,2022-11-29,Solomon Islands
973,amylopez,2022-09-21,Mauritania
974,christopher44,2024-10-17,Ukraine
975,joechavez,2024-05-02,Pitcairn Islands
976,perrythomas,2022-01-06,Ireland
977,jacksonkiara,2024-03-12,Saint Kitts and Nevis
978,tracy19,2021-09-25,Anguilla
979,lowesamantha,2021-12-02,Malta
980,crawfordalfred,2023-11-19,Tanzania
981,pgraham,2022-11-04,Comoros
982,lukemoore,2023-01-31,Bulgaria
983,castillomichelle,2022-10-24,Martinique
984,edwin58,2020-11-29,New Caledonia
985,mgarcia,2021-12-02,Syrian Arab Republic
986,erikashields,2020-10-24,Vietnam
987,harrisonlinda,2023-03-15,Hong Kong
988,tiffany79,2021-04-21,China
989,robersondavid,2022-04-01,Bahamas
990,robert82,2023-03-16,Jamaica
991,ashley30,2025-02-24,Palau
992,torresluke,2020-11-05,Turks and Caicos Islands
993,richard37,2024-04-24,Benin
994,munoznatalie,2024-07-01,Bahrain
995,lcross,2025-10-01,Cambodia
996,kimberly09,2025-04-26,Bahrain
997,daniel54,2022-12-16,Bangladesh
998,kimmcdonald,2024-01-31,Saudi Arabia
999,alexanderpriscilla,2021-10-05,Niger
1000,ocontreras,2023-04-17,Ireland
